"# yield of 32 double haploid canola lines, and genotype of each line at the A-, B-, and C-loci",,,,
Line,A-loci,B-loci,C-loci,Yield
1,AA,BB,CC,107.8
2,AA,BB,CC,113.57
3,AA,BB,cc,111.68
4,aa,bb,CC,101.09
5,aa,bb,cc,91.29
6,aa,bb,cc,112.24
7,aa,bb,cc,97.17
8,aa,bb,cc,95.75
9,aa,BB,CC,113.52
10,aa,BB,CC,119.27
11,AA,bb,cc,98.4
12,AA,BB,CC,106.82
13,AA,BB,CC,117.61
14,AA,BB,CC,112.88
15,AA,bb,CC,101.58
16,aa,BB,CC,119.27
17,aa,BB,cc,112.41
18,aa,bb,cc,104.93
19,aa,bb,cc,104.62
20,AA,BB,CC,114.68
21,AA,BB,CC,110.79
22,AA,bb,cc,101.47
23,AA,BB,cc,116.61
24,aa,bb,CC,101.95
25,aa,bb,cc,106.33
26,aa,bb,cc,95.42
27,AA,BB,CC,121.85
28,AA,BB,CC,111.94
29,AA,bb,cc,105.45
30,AA,bb,cc,99.15
31,aa,BB,CC,116.49
32,aa,bb,cc,100.21
